X(mm),Y(mm),Velocity(mm/s)
-43.7736,76.9811,100.000000
-39.7484,76.9811,100.000000
-35.7233,76.9811,100.000000
-31.6981,76.9811,100.000000
-27.6730,76.9811,100.000000
-23.6478,76.9811,100.000000
-19.6226,76.9811,100.000000
-15.5975,76.9811,100.000000
-11.5723,76.9811,100.000000
-7.5472,76.9811,100.000000
-3.5220,76.9811,100.000000
0.5031,76.9811,100.000000
4.5283,76.9811,100.000000
8.5535,76.9811,100.000000
12.5786,76.9811,100.000000
16.6038,76.9811,100.000000
20.6289,76.9811,100.000000
24.6541,76.9811,100.000000
28.6792,76.9811,100.000000
32.7044,76.9811,100.000000
36.7296,76.9811,100.000000
40.7547,76.9811,100.000000
44.7799,76.9811,100.000000
-51.8239,72.9560,100.000000
-47.7987,72.9560,100.000000
-43.7736,72.9560,100.000000
-39.7484,72.9560,100.000000
-35.7233,72.9560,100.000000
-31.6981,72.9560,100.000000
-27.6730,72.9560,100.000000
-23.6478,72.9560,100.000000
-19.6226,72.9560,99.663849
-15.5975,72.9560,99.603770
-11.5723,72.9560,99.693881
-7.5472,72.9560,74.783132
-3.5220,72.9560,76.063754
0.5031,72.9560,66.157019
4.5283,72.9560,72.088903
8.5535,72.9560,79.936506
12.5786,72.9560,84.469655
16.6038,72.9560,100.000000
20.6289,72.9560,100.000000
24.6541,72.9560,100.000000
28.6792,72.9560,100.000000
32.7044,72.9560,100.000000
36.7296,72.9560,100.000000
40.7547,72.9560,100.000000
44.7799,72.9560,100.000000
48.8050,72.9560,100.000000
-55.8491,68.9308,100.000000
-51.8239,69.6308,100.000000
-51.8239,68.9308,100.000000
-47.7987,68.9308,100.000000
-43.7736,68.9308,100.000000
-39.7484,68.9308,100.000000
-35.7233,68.9308,100.000000
-31.6981,68.9308,99.903949
-27.6730,68.9308,98.906687
-23.6478,68.9308,79.537001
-19.6226,68.9308,43.419581
-15.5975,68.9308,47.972194
-11.5723,68.9308,72.645375
-7.5472,68.9308,66.700000
-3.5220,68.9308,33.400000
0.5031,68.9308,33.400000
4.5283,68.9308,33.988406
8.5535,68.9308,33.400000
12.5786,68.9308,67.423336
16.6038,68.9308,69.652445
20.6289,68.9308,47.426649
24.6541,68.9308,74.094473
28.6792,68.9308,91.573446
32.7044,68.9308,100.000000
36.7296,68.9308,100.000000
40.7547,68.9308,100.000000
44.7799,68.9308,100.000000
48.8050,68.9308,100.000000
52.8302,68.9308,100.000000
56.8553,68.9308,100.000000
-59.8742,64.9057,100.000000
-55.8491,64.9057,100.000000
-51.8239,64.9057,100.000000
-47.7987,64.9057,100.000000
-43.7736,64.9057,100.000000
-39.7484,64.9057,99.393322
-35.7233,64.9057,95.850470
-31.6981,64.9057,62.323894
-27.6730,64.9057,13.857672
-23.6478,64.9057,67.582825
-19.6226,64.9057,55.600000
-15.5975,64.9057,22.300000
-11.5723,64.9057,0.100000
-7.5472,64.9057,11.206712
-3.5220,64.9057,33.400000
0.5031,64.9057,0.100000
4.5283,64.9057,0.100000
8.5535,64.9057,44.500000
12.5786,64.9057,0.100000
16.6038,64.9057,0.100000
20.6289,64.9057,66.700000
24.6541,64.9057,23.182825
28.6792,65.6057,100.000000
28.6792,64.9057,57.946901
32.7044,64.9057,75.135634
36.7296,64.9057,89.360864
40.7547,64.9057,100.000000
44.7799,64.9057,100.000000
48.8050,64.9057,100.000000
52.8302,64.9057,100.000000
56.8553,64.9057,100.000000
60.8805,64.9057,100.000000
-63.8994,60.8805,100.000000
-59.8742,60.8805,100.000000
-55.8491,60.8805,100.000000
-51.8239,60.8805,100.000000
-47.7987,60.8805,100.000000
-43.7736,60.8805,97.602761
-39.7484,60.8805,89.823687
-35.7233,60.8805,32.138918
-31.6981,60.8805,66.700000
-27.6730,60.8805,11.200000
-23.6478,60.8805,0.100000
-19.6226,60.8805,0.100000
-15.5975,60.8805,0.100000
-11.5723,60.8805,0.100000
-7.5472,60.8805,0.100000
-3.5220,60.8805,0.100000
0.5031,60.8805,0.100000
4.5283,60.8805,0.100000
8.5535,60.8805,0.100000
12.5786,60.8805,0.100000
16.6038,60.8805,0.100000
20.6289,60.8805,0.100000
24.6541,60.8805,88.900000
28.6792,60.8805,0.100000
32.7044,60.8805,1.149148
36.7296,60.8805,53.574740
40.7547,60.8805,73.087788
44.7799,60.8805,98.155295
48.8050,60.8805,100.000000
52.8302,60.8805,100.000000
56.8553,60.8805,100.000000
60.8805,60.8805,100.000000
64.9057,60.8805,100.000000
-67.9245,56.8553,100.000000
-63.8994,56.8553,100.000000
-59.8742,56.8553,100.000000
-55.8491,56.8553,100.000000
-51.8239,56.8553,100.000000
-47.7987,56.8553,84.166052
-43.7736,56.8553,64.550867
-39.7484,56.8553,57.759488
-35.7233,57.5553,100.000000
-35.7233,56.8553,55.600000
-31.6981,56.8553,11.200000
-27.6730,56.8553,0.100000
-23.6478,56.8553,0.100000
-19.6226,56.8553,0.100000
-15.5975,56.8553,0.100000
-11.5723,56.8553,0.100000
-7.5472,56.8553,0.100000
-3.5220,56.8553,0.100000
0.5031,56.8553,0.100000
4.5283,56.8553,0.100000
8.5535,56.8553,0.100000
12.5786,56.8553,0.100000
16.6038,56.8553,0.100000
20.6289,56.8553,0.100000
24.6541,56.8553,77.800000
28.6792,56.8553,33.400000
32.7044,56.8553,77.800000
36.7296,56.8553,11.200000
40.7547,56.8553,14.568050
44.7799,56.8553,71.352194
48.8050,56.8553,93.246849
52.8302,56.8553,100.000000
56.8553,56.8553,100.000000
60.8805,56.8553,100.000000
64.9057,56.8553,100.000000
68.9308,56.8553,100.000000
-71.9497,52.8302,100.000000
-67.9245,52.8302,100.000000
-63.8994,52.8302,100.000000
-59.8742,52.8302,100.000000
-55.8491,52.8302,100.000000
-51.8239,52.8302,80.504855
-47.7987,52.8302,25.448491
-43.7736,52.8302,77.857131
-39.7484,52.8302,11.200000
-35.7233,52.8302,0.100000
-31.6981,52.8302,0.100000
-27.6730,52.8302,0.100000
-23.6478,52.8302,0.100000
-19.6226,52.8302,0.100000
-15.5975,52.8302,0.100000
-11.5723,52.8302,0.100000
-7.5472,52.8302,0.100000
-3.5220,52.8302,0.100000
0.5031,52.8302,0.100000
4.5283,52.8302,0.100000
8.5535,52.8302,0.100000
12.5786,52.8302,0.100000
16.6038,52.8302,0.100000
20.6289,53.5302,100.000000
20.6289,52.8302,0.100000
24.6541,52.8302,0.100000
28.6792,52.8302,0.100000
32.7044,52.8302,0.100000
36.7296,52.8302,77.803967
40.7547,52.8302,11.200000
44.7799,52.8302,1.652230
48.8050,52.8302,75.851231
52.8302,52.8302,91.786297
56.8553,52.8302,100.000000
60.8805,52.8302,100.000000
64.9057,52.8302,100.000000
68.9308,52.8302,100.000000
-71.9497,48.8050,100.000000
-67.9245,48.8050,100.000000
-63.8994,48.8050,100.000000
-59.8742,48.8050,100.000000
-55.8491,48.8050,86.150326
-51.8239,48.8050,44.510843
-47.7987,48.8050,0.100000
-43.7736,48.8050,0.100000
-39.7484,48.8050,0.100000
-35.7233,48.8050,0.100000
-31.6981,48.8050,0.100000
-27.6730,48.8050,0.100000
-23.6478,48.8050,0.100000
-19.6226,48.8050,0.100000
-15.5975,48.8050,0.100000
-11.5723,48.8050,0.100000
-7.5472,48.8050,0.100000
-3.5220,48.8050,0.100000
0.5031,48.8050,0.100000
4.5283,48.8050,0.100000
8.5535,48.8050,0.100000
12.5786,48.8050,0.100000
16.6038,48.8050,0.100000
20.6289,48.8050,0.100000
24.6541,48.8050,0.100000
28.6792,48.8050,0.100000
32.7044,48.8050,0.100000
36.7296,48.8050,88.900000
40.7547,48.8050,66.700000
44.7799,48.8050,66.700000
48.8050,48.8050,1.087238
52.8302,48.8050,75.851231
56.8553,48.8050,94.849258
60.8805,48.8050,100.000000
64.9057,48.8050,100.000000
68.9308,48.8050,100.000000
72.9560,48.8050,100.000000
-75.9748,49.5050,100.000000
-75.9748,44.7799,100.000000
-71.9497,44.7799,100.000000
-67.9245,44.7799,100.000000
-63.8994,44.7799,100.000000
-59.8742,44.7799,94.057254
-55.8491,44.7799,31.854418
-51.8239,44.7799,11.200000
-47.7987,44.7799,0.100000
-43.7736,44.7799,0.100000
-39.7484,44.7799,0.100000
-35.7233,44.7799,0.100000
-31.6981,44.7799,0.100000
-27.6730,44.7799,0.100000
-23.6478,44.7799,0.100000
-19.6226,44.7799,0.100000
-15.5975,44.7799,0.100000
-11.5723,44.7799,0.100000
-7.5472,44.7799,0.100000
-3.5220,44.7799,0.100000
0.5031,44.7799,0.100000
4.5283,44.7799,0.100000
8.5535,44.7799,0.100000
12.5786,44.7799,0.100000
16.6038,44.7799,0.100000
20.6289,44.7799,0.100000
24.6541,44.7799,0.100000
28.6792,44.7799,0.100000
32.7044,44.7799,0.100000
36.7296,44.7799,11.200000
40.7547,44.7799,0.100000
44.7799,44.7799,0.100000
48.8050,44.7799,77.800000
52.8302,44.7799,11.257131
56.8553,44.7799,71.352194
60.8805,44.7799,98.155295
64.9057,44.7799,100.000000
68.9308,44.7799,100.000000
72.9560,44.7799,100.000000
76.9811,44.7799,100.000000
-80.0000,40.7547,100.000000
-75.9748,40.7547,100.000000
-71.9497,40.7547,100.000000
-67.9245,40.7547,100.000000
-63.8994,40.7547,99.873955
-59.8742,40.7547,91.188306
-55.8491,40.7547,23.508562
-51.8239,40.7547,0.100000
-47.7987,40.7547,0.100000
-43.7736,40.7547,0.100000
-39.7484,40.7547,0.100000
-35.7233,41.4547,100.000000
-35.7233,40.7547,0.100000
-31.6981,40.7547,0.100000
-27.6730,40.7547,0.100000
-23.6478,40.7547,0.100000
-19.6226,40.7547,0.100000
-15.5975,40.7547,0.100000
-11.5723,40.7547,0.100000
-7.5472,40.7547,0.100000
-3.5220,40.7547,0.100000
0.5031,40.7547,0.100000
4.5283,40.7547,0.100000
8.5535,40.7547,0.100000
12.5786,40.7547,0.100000
16.6038,40.7547,0.100000
20.6289,40.7547,0.100000
24.6541,40.7547,0.100000
28.6792,40.7547,0.100000
32.7044,40.7547,0.100000
36.7296,40.7547,0.100000
40.7547,40.7547,0.100000
44.7799,40.7547,0.100000
48.8050,40.7547,33.452263
52.8302,40.7547,22.300000
56.8553,40.7547,23.950449
60.8805,40.7547,73.087788
64.9057,40.7547,100.000000
68.9308,40.7547,100.000000
72.9560,40.7547,100.000000
76.9811,40.7547,100.000000
-80.0000,36.7296,100.000000
-75.9748,36.7296,100.000000
-71.9497,36.7296,100.000000
-67.9245,36.7296,100.000000
-63.8994,36.7296,78.730040
-59.8742,36.7296,17.206129
-55.8491,36.7296,44.500000
-51.8239,36.7296,0.100000
-47.7987,36.7296,0.100000
-43.7736,36.7296,0.100000
-39.7484,36.7296,0.100000
-35.7233,36.7296,0.100000
-31.6981,36.7296,0.100000
-27.6730,36.7296,0.100000
-23.6478,36.7296,0.100000
-19.6226,36.7296,0.100000
-15.5975,36.7296,0.100000
-11.5723,36.7296,0.100000
-7.5472,36.7296,0.100000
-3.5220,36.7296,0.100000
0.5031,36.7296,0.100000
4.5283,37.4296,100.000000
4.5283,36.7296,0.100000
8.5535,36.7296,0.100000
12.5786,36.7296,0.100000
16.6038,36.7296,0.100000
20.6289,36.7296,0.100000
24.6541,36.7296,0.100000
28.6792,36.7296,0.100000
32.7044,36.7296,0.100000
36.7296,36.7296,0.100000
40.7547,36.7296,0.100000
44.7799,36.7296,0.100000
48.8050,36.7296,77.800000
52.8302,36.7296,33.400000
56.8553,36.7296,0.100000
60.8805,36.7296,66.016454
64.9057,36.7296,91.114666
68.9308,36.7296,100.000000
72.9560,36.7296,100.000000
76.9811,36.7296,100.000000
-80.0000,32.7044,100.000000
-75.9748,32.7044,100.000000
-71.9497,32.7044,100.000000
-67.9245,32.7044,100.000000
-63.8994,32.7044,35.805554
-59.8742,32.7044,11.200000
-55.8491,32.7044,0.100000
-51.8239,32.7044,0.100000
-47.7987,32.7044,0.100000
-43.7736,32.7044,0.100000
-39.7484,32.7044,0.100000
-35.7233,32.7044,0.100000
-31.6981,32.7044,0.100000
-27.6730,32.7044,0.100000
-23.6478,32.7044,0.100000
-19.6226,32.7044,0.100000
-15.5975,32.7044,0.100000
-11.5723,32.7044,0.100000
-7.5472,32.7044,0.100000
-3.5220,32.7044,0.100000
0.5031,32.7044,0.100000
4.5283,32.7044,0.100000
8.5535,32.7044,0.100000
12.5786,32.7044,0.100000
16.6038,32.7044,0.100000
20.6289,32.7044,0.100000
24.6541,32.7044,0.100000
28.6792,32.7044,0.100000
32.7044,32.7044,0.100000
36.7296,32.7044,0.100000
40.7547,32.7044,0.100000
44.7799,33.4044,100.000000
44.7799,32.7044,0.100000
48.8050,32.7044,100.000000
52.8302,32.7044,44.500000
56.8553,32.7044,0.100000
60.8805,32.7044,1.149148
64.9057,32.7044,69.022612
68.9308,32.7044,100.000000
72.9560,32.7044,100.000000
76.9811,32.7044,100.000000
-80.0000,28.6792,100.000000
-75.9748,28.6792,100.000000
-71.9497,28.6792,100.000000
-67.9245,28.6792,81.733134
-63.8994,28.6792,50.916457
-59.8742,28.6792,0.100000
-55.8491,28.6792,0.100000
-51.8239,28.6792,0.100000
-47.7987,28.6792,0.100000
-43.7736,28.6792,0.100000
-39.7484,28.6792,0.100000
-35.7233,28.6792,0.100000
-31.6981,28.6792,0.100000
-27.6730,28.6792,0.100000
-23.6478,28.6792,0.100000
-19.6226,28.6792,0.100000
-15.5975,28.6792,0.100000
-11.5723,28.6792,0.100000
-7.5472,28.6792,0.100000
-3.5220,28.6792,0.100000
0.5031,28.6792,0.100000
4.5283,28.6792,0.100000
8.5535,28.6792,0.100000
12.5786,28.6792,0.100000
16.6038,28.6792,0.100000
20.6289,28.6792,0.100000
24.6541,28.6792,0.100000
28.6792,28.6792,0.100000
32.7044,28.6792,0.100000
36.7296,28.6792,0.100000
40.7547,28.6792,0.100000
44.7799,28.6792,0.100000
48.8050,28.6792,66.700000
52.8302,28.6792,33.400000
56.8553,28.6792,55.600000
60.8805,28.6792,55.600000
64.9057,28.6792,51.927200
68.9308,28.6792,93.509105
72.9560,28.6792,100.000000
76.9811,28.6792,100.000000
-80.0000,24.6541,100.000000
-75.9748,25.3541,100.000000
-75.9748,24.6541,100.000000
-71.9497,24.6541,100.000000
-67.9245,24.6541,48.570472
-63.8994,24.6541,11.200000
-59.8742,24.6541,0.100000
-55.8491,24.6541,0.100000
-51.8239,24.6541,0.100000
-47.7987,24.6541,0.100000
-43.7736,24.6541,0.100000
-39.7484,24.6541,0.100000
-35.7233,24.6541,0.100000
-31.6981,24.6541,0.100000
-27.6730,24.6541,0.100000
-23.6478,24.6541,0.100000
-19.6226,24.6541,0.100000
-15.5975,24.6541,0.100000
-11.5723,24.6541,0.100000
-7.5472,24.6541,0.100000
-3.5220,24.6541,0.100000
0.5031,24.6541,0.100000
4.5283,24.6541,0.100000
8.5535,24.6541,0.100000
12.5786,24.6541,0.100000
16.6038,24.6541,0.100000
20.6289,24.6541,0.100000
24.6541,24.6541,0.100000
28.6792,24.6541,0.100000
32.7044,24.6541,0.100000
36.7296,24.6541,0.100000
40.7547,24.6541,0.100000
44.7799,24.6541,0.100000
48.8050,24.6541,0.100000
52.8302,24.6541,0.100000
56.8553,24.6541,0.100000
60.8805,24.6541,44.500000
64.9057,24.6541,23.199844
68.9308,24.6541,74.094473
72.9560,24.6541,100.000000
76.9811,24.6541,100.000000
-80.0000,20.6289,100.000000
-75.9748,20.6289,100.000000
-71.9497,20.6289,100.000000
-67.9245,20.6289,20.521246
-63.8994,20.6289,0.100000
-59.8742,20.6289,0.100000
-55.8491,20.6289,0.100000
-51.8239,20.6289,0.100000
-47.7987,20.6289,0.100000
-43.7736,20.6289,0.100000
-39.7484,20.6289,0.100000
-35.7233,21.3289,100.000000
-35.7233,20.6289,0.100000
-31.6981,20.6289,0.100000
-27.6730,20.6289,0.100000
-23.6478,20.6289,0.100000
-19.6226,20.6289,0.100000
-15.5975,20.6289,0.100000
-11.5723,20.6289,0.100000
-7.5472,20.6289,0.100000
-3.5220,20.6289,0.100000
0.5031,20.6289,0.100000
4.5283,20.6289,0.100000
8.5535,20.6289,0.100000
12.5786,20.6289,0.100000
16.6038,20.6289,0.100000
20.6289,20.6289,0.100000
24.6541,20.6289,0.100000
28.6792,20.6289,0.100000
32.7044,20.6289,0.100000
36.7296,20.6289,0.100000
40.7547,20.6289,0.100000
44.7799,20.6289,0.100000
48.8050,20.6289,0.100000
52.8302,20.6289,0.100000
56.8553,20.6289,0.100000
60.8805,20.6289,0.100000
64.9057,20.6289,55.600000
68.9308,20.6289,80.036295
72.9560,20.6289,100.000000
76.9811,20.6289,100.000000
-80.0000,16.6038,100.000000
-75.9748,16.6038,100.000000
-71.9497,16.6038,90.006154
-67.9245,16.6038,6.517428
-63.8994,16.6038,0.100000
-59.8742,16.6038,0.100000
-55.8491,16.6038,0.100000
-51.8239,16.6038,0.100000
-47.7987,16.6038,0.100000
-43.7736,16.6038,0.100000
-39.7484,16.6038,0.100000
-35.7233,16.6038,0.100000
-31.6981,16.6038,0.100000
-27.6730,16.6038,0.100000
-23.6478,16.6038,0.100000
-19.6226,16.6038,0.100000
-15.5975,16.6038,0.100000
-11.5723,16.6038,0.100000
-7.5472,16.6038,0.100000
-3.5220,16.6038,0.100000
0.5031,16.6038,0.100000
4.5283,17.3038,100.000000
4.5283,16.6038,0.100000
8.5535,16.6038,0.100000
12.5786,16.6038,0.100000
16.6038,16.6038,0.100000
20.6289,16.6038,0.100000
24.6541,16.6038,0.100000
28.6792,16.6038,0.100000
32.7044,16.6038,0.100000
36.7296,16.6038,0.100000
40.7547,16.6038,0.100000
44.7799,16.6038,0.100000
48.8050,16.6038,0.100000
52.8302,16.6038,0.100000
56.8553,16.6038,0.100000
60.8805,16.6038,77.800000
64.9057,16.6038,66.700000
68.9308,16.6038,60.684516
72.9560,16.6038,94.364683
76.9811,16.6038,100.000000
-80.0000,12.5786,100.000000
-75.9748,12.5786,100.000000
-71.9497,12.5786,80.382535
-67.9245,12.5786,0.823336
-63.8994,12.5786,0.100000
-59.8742,12.5786,0.100000
-55.8491,12.5786,0.100000
-51.8239,12.5786,0.100000
-47.7987,12.5786,0.100000
-43.7736,12.5786,0.100000
-39.7484,12.5786,0.100000
-35.7233,12.5786,0.100000
-31.6981,12.5786,0.100000
-27.6730,12.5786,0.100000
-23.6478,12.5786,0.100000
-19.6226,12.5786,0.100000
-15.5975,12.5786,0.100000
-11.5723,12.5786,0.100000
-7.5472,12.5786,0.100000
-3.5220,12.5786,0.100000
0.5031,12.5786,0.100000
4.5283,12.5786,0.100000
8.5535,12.5786,0.100000
12.5786,12.5786,0.100000
16.6038,12.5786,0.100000
20.6289,12.5786,0.100000
24.6541,12.5786,0.100000
28.6792,12.5786,0.100000
32.7044,12.5786,0.100000
36.7296,12.5786,0.100000
40.7547,12.5786,0.100000
44.7799,13.2786,100.000000
44.7799,12.5786,0.100000
48.8050,12.5786,0.100000
52.8302,12.5786,0.100000
56.8553,12.5786,0.100000
60.8805,12.5786,66.700000
64.9057,12.5786,66.700000
68.9308,12.5786,34.123336
72.9560,12.5786,84.469655
76.9811,12.5786,100.000000
-80.0000,8.5535,100.000000
-75.9748,8.5535,100.000000
-71.9497,8.5535,76.435759
-67.9245,8.5535,0.100000
-63.8994,8.5535,0.100000
-59.8742,8.5535,0.100000
-55.8491,8.5535,0.100000
-51.8239,8.5535,0.100000
-47.7987,8.5535,0.100000
-43.7736,8.5535,0.100000
-39.7484,8.5535,0.100000
-35.7233,8.5535,0.100000
-31.6981,8.5535,0.100000
-27.6730,8.5535,0.100000
-23.6478,8.5535,0.100000
-19.6226,8.5535,0.100000
-15.5975,8.5535,0.100000
-11.5723,8.5535,0.100000
-7.5472,8.5535,0.100000
-3.5220,8.5535,0.100000
0.5031,8.5535,0.100000
4.5283,8.5535,0.100000
8.5535,8.5535,0.100000
12.5786,8.5535,0.100000
16.6038,8.5535,0.100000
20.6289,8.5535,0.100000
24.6541,8.5535,0.100000
28.6792,8.5535,0.100000
32.7044,8.5535,0.100000
36.7296,8.5535,0.100000
40.7547,8.5535,0.100000
44.7799,8.5535,0.100000
48.8050,8.5535,0.100000
52.8302,8.5535,0.100000
56.8553,8.5535,0.100000
60.8805,8.5535,66.700000
64.9057,8.5535,66.700000
68.9308,8.5535,36.483171
72.9560,8.5535,72.834682
76.9811,8.5535,100.000000
-80.0000,4.5283,100.000000
-75.9748,5.2283,100.000000
-75.9748,4.5283,100.000000
-71.9497,4.5283,82.613140
-67.9245,4.5283,0.100000
-63.8994,4.5283,0.100000
-59.8742,4.5283,0.100000
-55.8491,4.5283,0.100000
-51.8239,4.5283,0.100000
-47.7987,4.5283,0.100000
-43.7736,4.5283,0.100000
-39.7484,4.5283,0.100000
-35.7233,4.5283,0.100000
-31.6981,4.5283,0.100000
-27.6730,4.5283,0.100000
-23.6478,4.5283,0.100000
-19.6226,4.5283,0.100000
-15.5975,4.5283,0.100000
-11.5723,4.5283,0.100000
-7.5472,4.5283,0.100000
-3.5220,4.5283,0.100000
0.5031,4.5283,0.100000
4.5283,4.5283,0.100000
8.5535,4.5283,0.100000
12.5786,4.5283,0.100000
16.6038,4.5283,0.100000
20.6289,4.5283,0.100000
24.6541,4.5283,0.100000
28.6792,4.5283,0.100000
32.7044,4.5283,0.100000
36.7296,4.5283,0.100000
40.7547,4.5283,0.100000
44.7799,4.5283,0.100000
48.8050,4.5283,0.100000
52.8302,4.5283,0.100000
56.8553,4.5283,0.100000
60.8805,4.5283,88.900000
64.9057,4.5283,66.700000
68.9308,4.5283,22.888406
72.9560,4.5283,68.016550
76.9811,4.5283,100.000000
-80.0000,0.5031,100.000000
-75.9748,0.5031,99.831793
-71.9497,0.5031,73.026585
-67.9245,0.5031,33.400000
-63.8994,0.5031,0.100000
-59.8742,0.5031,0.100000
-55.8491,0.5031,0.100000
-51.8239,0.5031,0.100000
-47.7987,0.5031,0.100000
-43.7736,0.5031,0.100000
-39.7484,0.5031,0.100000
-35.7233,1.2031,100.000000
-35.7233,0.5031,0.100000
-31.6981,0.5031,0.100000
-27.6730,0.5031,0.100000
-23.6478,0.5031,0.100000
-19.6226,0.5031,0.100000
-15.5975,0.5031,0.100000
-11.5723,0.5031,0.100000
-7.5472,0.5031,0.100000
-3.5220,0.5031,0.100000
0.5031,0.5031,0.100000
4.5283,0.5031,0.100000
8.5535,0.5031,0.100000
12.5786,0.5031,0.100000
16.6038,0.5031,0.100000
20.6289,0.5031,0.100000
24.6541,0.5031,0.100000
28.6792,0.5031,0.100000
32.7044,0.5031,0.100000
36.7296,0.5031,0.100000
40.7547,0.5031,0.100000
44.7799,0.5031,0.100000
48.8050,0.5031,0.100000
52.8302,0.5031,0.100000
56.8553,0.5031,0.100000
60.8805,0.5031,55.600000
64.9057,0.5031,66.700000
68.9308,0.5031,12.063695
72.9560,0.5031,79.559624
76.9811,0.5031,100.000000
-80.0000,-3.5220,100.000000
-75.9748,-3.5220,100.000000
-71.9497,-3.5220,91.093332
-67.9245,-3.5220,11.200000
-63.8994,-3.5220,0.100000
-59.8742,-3.5220,0.100000
-55.8491,-3.5220,0.100000
-51.8239,-3.5220,0.100000
-47.7987,-3.5220,0.100000
-43.7736,-3.5220,0.100000
-39.7484,-3.5220,0.100000
-35.7233,-3.5220,0.100000
-31.6981,-3.5220,0.100000
-27.6730,-3.5220,0.100000
-23.6478,-3.5220,0.100000
-19.6226,-3.5220,0.100000
-15.5975,-3.5220,0.100000
-11.5723,-3.5220,0.100000
-7.5472,-3.5220,0.100000
-3.5220,-3.5220,0.100000
0.5031,-3.5220,0.100000
4.5283,-2.8220,100.000000
4.5283,-3.5220,0.100000
8.5535,-3.5220,0.100000
12.5786,-3.5220,0.100000
16.6038,-3.5220,0.100000
20.6289,-3.5220,0.100000
24.6541,-3.5220,0.100000
28.6792,-3.5220,0.100000
32.7044,-3.5220,0.100000
36.7296,-3.5220,0.100000
40.7547,-3.5220,0.100000
44.7799,-3.5220,0.100000
48.8050,-3.5220,0.100000
52.8302,-3.5220,0.100000
56.8553,-3.5220,0.100000
60.8805,-3.5220,100.000000
64.9057,-3.5220,66.700000
68.9308,-3.5220,33.650964
72.9560,-3.5220,67.273167
76.9811,-3.5220,100.000000
-80.0000,-7.5472,100.000000
-75.9748,-7.5472,100.000000
-71.9497,-7.5472,75.680277
-67.9245,-7.5472,0.100000
-63.8994,-7.5472,0.100000
-59.8742,-7.5472,0.100000
-55.8491,-7.5472,0.100000
-51.8239,-7.5472,0.100000
-47.7987,-7.5472,0.100000
-43.7736,-7.5472,0.100000
-39.7484,-7.5472,0.100000
-35.7233,-7.5472,0.100000
-31.6981,-7.5472,0.100000
-27.6730,-7.5472,0.100000
-23.6478,-7.5472,0.100000
-19.6226,-7.5472,0.100000
-15.5975,-7.5472,0.100000
-11.5723,-7.5472,0.100000
-7.5472,-7.5472,0.100000
-3.5220,-7.5472,0.100000
0.5031,-7.5472,0.100000
4.5283,-7.5472,0.100000
8.5535,-7.5472,0.100000
12.5786,-7.5472,0.100000
16.6038,-7.5472,0.100000
20.6289,-7.5472,0.100000
24.6541,-7.5472,0.100000
28.6792,-7.5472,0.100000
32.7044,-7.5472,0.100000
36.7296,-7.5472,0.100000
40.7547,-7.5472,0.100000
44.7799,-6.8472,100.000000
44.7799,-7.5472,0.100000
48.8050,-7.5472,0.100000
52.8302,-7.5472,0.100000
56.8553,-7.5472,0.100000
60.8805,-7.5472,44.500968
64.9057,-7.5472,66.700000
68.9308,-7.5472,35.716965
72.9560,-7.5472,71.354727
76.9811,-7.5472,100.000000
-80.0000,-11.5723,100.000000
-75.9748,-11.5723,100.000000
-71.9497,-11.5723,90.583449
-67.9245,-11.5723,0.253409
-63.8994,-11.5723,0.100000
-59.8742,-11.5723,0.100000
-55.8491,-11.5723,0.100000
-51.8239,-11.5723,0.100000
-47.7987,-11.5723,0.100000
-43.7736,-11.5723,0.100000
-39.7484,-11.5723,0.100000
-35.7233,-11.5723,0.100000
-31.6981,-11.5723,0.100000
-27.6730,-11.5723,0.100000
-23.6478,-11.5723,0.100000
-19.6226,-11.5723,0.100000
-15.5975,-11.5723,0.100000
-11.5723,-11.5723,0.100000
-7.5472,-11.5723,0.100000
-3.5220,-11.5723,0.100000
0.5031,-11.5723,0.100000
4.5283,-11.5723,0.100000
8.5535,-11.5723,0.100000
12.5786,-11.5723,0.100000
16.6038,-11.5723,0.100000
20.6289,-11.5723,0.100000
24.6541,-11.5723,0.100000
28.6792,-11.5723,0.100000
32.7044,-11.5723,0.100000
36.7296,-11.5723,0.100000
40.7547,-11.5723,0.100000
44.7799,-11.5723,0.100000
48.8050,-11.5723,0.100000
52.8302,-11.5723,0.100000
56.8553,-11.5723,0.100000
60.8805,-11.5723,88.900000
64.9057,-11.5723,66.700000
68.9308,-11.5723,39.498784
72.9560,-11.5723,80.512639
76.9811,-11.5723,100.000000
-80.0000,-15.5975,100.000000
-75.9748,-14.8975,100.000000
-75.9748,-15.5975,100.000000
-71.9497,-15.5975,82.465030
-67.9245,-15.5975,4.615557
-63.8994,-15.5975,0.100000
-59.8742,-15.5975,0.100000
-55.8491,-15.5975,0.100000
-51.8239,-15.5975,0.100000
-47.7987,-15.5975,0.100000
-43.7736,-15.5975,0.100000
-39.7484,-15.5975,0.100000
-35.7233,-15.5975,0.100000
-31.6981,-15.5975,0.100000
-27.6730,-15.5975,0.100000
-23.6478,-15.5975,0.100000
-19.6226,-15.5975,0.100000
-15.5975,-15.5975,0.100000
-11.5723,-15.5975,0.100000
-7.5472,-15.5975,0.100000
-3.5220,-15.5975,0.100000
0.5031,-15.5975,0.100000
4.5283,-15.5975,0.100000
8.5535,-15.5975,0.100000
12.5786,-15.5975,0.100000
16.6038,-15.5975,0.100000
20.6289,-15.5975,0.100000
24.6541,-15.5975,0.100000
28.6792,-15.5975,0.100000
32.7044,-15.5975,0.100000
36.7296,-15.5975,0.100000
40.7547,-15.5975,0.100000
44.7799,-15.5975,0.100000
48.8050,-15.5975,0.100000
52.8302,-15.5975,0.100000
56.8553,-15.5975,0.100000
60.8805,-15.5975,77.800000
64.9057,-15.5975,55.600000
68.9308,-15.5975,37.915557
72.9560,-15.5975,90.844441
76.9811,-15.5975,100.000000
-80.0000,-19.6226,100.000000
-75.9748,-19.6226,100.000000
-71.9497,-19.6226,93.234469
-67.9245,-19.6226,16.009935
-63.8994,-19.6226,0.100000
-59.8742,-19.6226,0.100000
-55.8491,-19.6226,0.100000
-51.8239,-19.6226,0.100000
-47.7987,-19.6226,0.100000
-43.7736,-19.6226,0.100000
-39.7484,-19.6226,0.100000
-35.7233,-18.9226,100.000000
-35.7233,-19.6226,0.100000
-31.6981,-19.6226,0.100000
-27.6730,-19.6226,0.100000
-23.6478,-19.6226,0.100000
-19.6226,-19.6226,0.100000
-15.5975,-19.6226,0.100000
-11.5723,-19.6226,0.100000
-7.5472,-19.6226,0.100000
-3.5220,-19.6226,0.100000
0.5031,-19.6226,0.100000
4.5283,-19.6226,0.100000
8.5535,-19.6226,0.100000
12.5786,-19.6226,0.100000
16.6038,-19.6226,0.100000
20.6289,-19.6226,0.100000
24.6541,-19.6226,0.100000
28.6792,-19.6226,0.100000
32.7044,-19.6226,0.100000
36.7296,-19.6226,0.100000
40.7547,-19.6226,0.100000
44.7799,-19.6226,0.100000
48.8050,-19.6226,0.100000
52.8302,-19.6226,0.100000
56.8553,-19.6226,0.100000
60.8805,-19.6226,77.800000
64.9057,-19.6226,66.700000
68.9308,-19.6226,74.149720
72.9560,-19.6226,100.000000
76.9811,-19.6226,100.000000
-80.0000,-23.6478,100.000000
-75.9748,-23.6478,100.000000
-71.9497,-23.6478,100.000000
-67.9245,-23.6478,38.621144
-63.8994,-23.6478,0.100000
-59.8742,-23.6478,0.100000
-55.8491,-23.6478,0.100000
-51.8239,-23.6478,0.100000
-47.7987,-23.6478,0.100000
-43.7736,-23.6478,0.100000
-39.7484,-23.6478,0.100000
-35.7233,-23.6478,0.100000
-31.6981,-23.6478,0.100000
-27.6730,-23.6478,0.100000
-23.6478,-23.6478,0.100000
-19.6226,-23.6478,0.100000
-15.5975,-23.6478,0.100000
-11.5723,-23.6478,0.100000
-7.5472,-23.6478,0.100000
-3.5220,-23.6478,0.100000
0.5031,-23.6478,0.100000
4.5283,-22.9478,100.000000
4.5283,-23.6478,0.100000
8.5535,-23.6478,0.100000
12.5786,-23.6478,0.100000
16.6038,-23.6478,0.100000
20.6289,-23.6478,0.100000
24.6541,-23.6478,0.100000
28.6792,-23.6478,0.100000
32.7044,-23.6478,0.100000
36.7296,-23.6478,0.100000
40.7547,-23.6478,0.100000
44.7799,-23.6478,0.100000
48.8050,-23.6478,0.100000
52.8302,-23.6478,0.100000
56.8553,-23.6478,0.100000
60.8805,-23.6478,88.900000
64.9057,-23.6478,34.282825
68.9308,-23.6478,73.878868
72.9560,-23.6478,100.000000
76.9811,-23.6478,100.000000
-80.0000,-27.6730,100.000000
-75.9748,-27.6730,100.000000
-71.9497,-27.6730,100.000000
-67.9245,-27.6730,74.629823
-63.8994,-27.6730,36.770410
-59.8742,-27.6730,0.100000
-55.8491,-27.6730,0.100000
-51.8239,-27.6730,0.100000
-47.7987,-27.6730,0.100000
-43.7736,-27.6730,0.100000
-39.7484,-27.6730,0.100000
-35.7233,-27.6730,0.100000
-31.6981,-27.6730,0.100000
-27.6730,-27.6730,0.100000
-23.6478,-27.6730,0.100000
-19.6226,-27.6730,0.100000
-15.5975,-27.6730,0.100000
-11.5723,-27.6730,0.100000
-7.5472,-27.6730,0.100000
-3.5220,-27.6730,0.100000
0.5031,-27.6730,0.100000
4.5283,-27.6730,0.100000
8.5535,-27.6730,0.100000
12.5786,-27.6730,0.100000
16.6038,-27.6730,0.100000
20.6289,-27.6730,0.100000
24.6541,-27.6730,0.100000
28.6792,-27.6730,0.100000
32.7044,-27.6730,0.100000
36.7296,-27.6730,0.100000
40.7547,-27.6730,0.100000
44.7799,-26.9730,100.000000
44.7799,-27.6730,0.100000
48.8050,-27.6730,0.100000
52.8302,-27.6730,0.100000
56.8553,-27.6730,0.100000
60.8805,-27.6730,33.402627
64.9057,-27.6730,47.068442
68.9308,-27.6730,86.584437
72.9560,-27.6730,100.000000
76.9811,-27.6730,100.000000
-80.0000,-31.6981,100.000000
-75.9748,-31.6981,100.000000
-71.9497,-31.6981,100.000000
-67.9245,-31.6981,100.000000
-63.8994,-31.6981,26.797506
-59.8742,-31.6981,44.500000
-55.8491,-31.6981,0.100000
-51.8239,-31.6981,0.100000
-47.7987,-31.6981,0.100000
-43.7736,-31.6981,0.100000
-39.7484,-31.6981,0.100000
-35.7233,-31.6981,0.100000
-31.6981,-31.6981,0.100000
-27.6730,-31.6981,0.100000
-23.6478,-31.6981,0.100000
-19.6226,-31.6981,0.100000
-15.5975,-31.6981,0.100000
-11.5723,-31.6981,0.100000
-7.5472,-31.6981,0.100000
-3.5220,-31.6981,0.100000
0.5031,-31.6981,0.100000
4.5283,-31.6981,0.100000
8.5535,-31.6981,0.100000
12.5786,-31.6981,0.100000
16.6038,-31.6981,0.100000
20.6289,-31.6981,0.100000
24.6541,-31.6981,0.100000
28.6792,-31.6981,0.100000
32.7044,-31.6981,0.100000
36.7296,-31.6981,0.100000
40.7547,-31.6981,0.100000
44.7799,-31.6981,0.100000
48.8050,-31.6981,11.200000
52.8302,-31.6981,0.100000
56.8553,-31.6981,11.200000
60.8805,-31.6981,100.000000
64.9057,-31.6981,62.073068
68.9308,-31.6981,100.000000
72.9560,-31.6981,100.000000
76.9811,-31.6981,100.000000
-80.0000,-35.7233,100.000000
-75.9748,-35.0233,100.000000
-75.9748,-35.7233,100.000000
-71.9497,-35.7233,100.000000
-67.9245,-35.7233,100.000000
-63.8994,-35.7233,72.046298
-59.8742,-35.7233,13.227548
-55.8491,-35.7233,44.500000
-51.8239,-35.7233,0.100000
-47.7987,-35.7233,0.100000
-43.7736,-35.7233,0.100000
-39.7484,-35.7233,0.100000
-35.7233,-35.7233,0.100000
-31.6981,-35.7233,0.100000
-27.6730,-35.7233,0.100000
-23.6478,-35.7233,0.100000
-19.6226,-35.7233,0.100000
-15.5975,-35.7233,0.100000
-11.5723,-35.7233,0.100000
-7.5472,-35.7233,0.100000
-3.5220,-35.7233,0.100000
0.5031,-35.7233,0.100000
4.5283,-35.7233,0.100000
8.5535,-35.7233,0.100000
12.5786,-35.7233,0.100000
16.6038,-35.7233,0.100000
20.6289,-35.7233,0.100000
24.6541,-35.7233,0.100000
28.6792,-35.7233,0.100000
32.7044,-35.7233,0.100000
36.7296,-35.7233,0.100000
40.7547,-35.7233,0.100000
44.7799,-35.7233,0.100000
48.8050,-35.7233,88.920663
52.8302,-35.7233,66.700000
56.8553,-35.7233,100.000000
60.8805,-35.7233,85.398365
64.9057,-35.7233,84.990669
68.9308,-35.7233,100.000000
72.9560,-35.7233,100.000000
76.9811,-35.7233,100.000000
-80.0000,-39.7484,100.000000
-75.9748,-39.7484,100.000000
-71.9497,-39.7484,100.000000
-67.9245,-39.7484,100.000000
-63.8994,-39.7484,95.424160
-59.8742,-39.7484,89.949148
-55.8491,-39.7484,22.300000
-51.8239,-39.7484,0.100000
-47.7987,-39.7484,0.100000
-43.7736,-39.7484,0.100000
-39.7484,-39.7484,0.100000
-35.7233,-39.0484,100.000000
-35.7233,-39.7484,0.100000
-31.6981,-39.7484,0.100000
-27.6730,-39.7484,0.100000
-23.6478,-39.7484,0.100000
-19.6226,-39.7484,0.100000
-15.5975,-39.7484,0.100000
-11.5723,-39.7484,0.100000
-7.5472,-39.7484,0.100000
-3.5220,-39.7484,0.100000
0.5031,-39.7484,0.100000
4.5283,-39.7484,0.100000
8.5535,-39.7484,0.100000
12.5786,-39.7484,0.100000
16.6038,-39.7484,0.100000
20.6289,-39.7484,0.100000
24.6541,-39.7484,0.100000
28.6792,-39.7484,0.100000
32.7044,-39.7484,0.100000
36.7296,-39.7484,0.100000
40.7547,-39.7484,0.100000
44.7799,-39.7484,0.100000
48.8050,-39.7484,100.000000
52.8302,-39.7484,55.600000
56.8553,-39.7484,11.641886
60.8805,-39.7484,61.242952
64.9057,-39.7484,100.000000
68.9308,-39.7484,100.000000
72.9560,-39.7484,100.000000
76.9811,-39.7484,100.000000
-75.9748,-43.7736,100.000000
-71.9497,-43.7736,100.000000
-67.9245,-43.7736,100.000000
-63.8994,-43.7736,100.000000
-59.8742,-43.7736,93.667833
-55.8491,-43.7736,20.370784
-51.8239,-43.7736,11.200000
-47.7987,-43.7736,0.100000
-43.7736,-43.7736,0.100000
-39.7484,-43.7736,0.100000
-35.7233,-43.7736,0.100000
-31.6981,-43.7736,0.100000
-27.6730,-43.7736,0.100000
-23.6478,-43.7736,0.100000
-19.6226,-43.7736,0.100000
-15.5975,-43.7736,0.100000
-11.5723,-43.7736,0.100000
-7.5472,-43.7736,0.100000
-3.5220,-43.7736,0.100000
0.5031,-43.7736,0.100000
4.5283,-43.7736,0.100000
8.5535,-43.0736,100.000000
8.5535,-43.7736,0.100000
12.5786,-43.7736,0.100000
16.6038,-43.7736,0.100000
20.6289,-43.7736,0.100000
24.6541,-43.7736,0.100000
28.6792,-43.7736,0.100000
32.7044,-43.7736,0.100000
36.7296,-43.7736,0.100000
40.7547,-43.7736,0.100000
44.7799,-43.7736,0.100000
48.8050,-43.7736,88.900000
52.8302,-43.7736,33.457131
56.8553,-43.7736,70.690903
60.8805,-43.7736,96.846795
64.9057,-43.7736,100.000000
68.9308,-43.7736,100.000000
72.9560,-43.7736,100.000000
76.9811,-43.7736,100.000000
-75.9748,-47.7987,100.000000
-71.9497,-47.7987,100.000000
-67.9245,-47.7987,100.000000
-63.8994,-47.7987,100.000000
-59.8742,-47.7987,100.000000
-55.8491,-47.7987,80.277645
-51.8239,-47.7987,24.270544
-47.7987,-47.7987,0.100000
-43.7736,-47.7987,0.100000
-39.7484,-47.7987,0.100000
-35.7233,-47.7987,0.100000
-31.6981,-47.7987,0.100000
-27.6730,-47.7987,0.100000
-23.6478,-47.7987,0.100000
-19.6226,-47.7987,0.100000
-15.5975,-47.7987,0.100000
-11.5723,-47.7987,0.100000
-7.5472,-47.7987,0.100000
-3.5220,-47.7987,0.100000
0.5031,-47.7987,0.100000
4.5283,-47.7987,0.100000
8.5535,-47.7987,0.100000
12.5786,-47.7987,0.100000
16.6038,-47.7987,0.100000
20.6289,-47.7987,0.100000
24.6541,-47.7987,0.100000
28.6792,-47.7987,0.100000
32.7044,-47.7987,0.100000
36.7296,-47.7987,0.100000
40.7547,-47.7987,0.100000
44.7799,-47.7987,0.100000
48.8050,-47.7987,55.600000
52.8302,-47.0987,100.000000
52.8302,-47.7987,54.684030
56.8553,-47.7987,88.913205
60.8805,-47.7987,100.000000
64.9057,-47.7987,100.000000
68.9308,-47.7987,100.000000
72.9560,-47.7987,100.000000
-71.9497,-51.8239,100.000000
-67.9245,-51.8239,100.000000
-63.8994,-51.8239,100.000000
-59.8742,-51.8239,100.000000
-55.8491,-51.8239,100.000000
-51.8239,-51.8239,70.981844
-47.7987,-51.8239,20.000836
-43.7736,-51.8239,55.600000
-39.7484,-51.8239,0.100000
-35.7233,-51.8239,0.100000
-31.6981,-51.8239,0.100000
-27.6730,-51.8239,0.100000
-23.6478,-51.8239,0.100000
-19.6226,-51.8239,0.100000
-15.5975,-51.8239,0.100000
-11.5723,-51.8239,0.100000
-7.5472,-51.8239,0.100000
-3.5220,-51.8239,0.100000
0.5031,-51.8239,0.100000
4.5283,-51.8239,0.100000
8.5535,-51.8239,0.100000
12.5786,-51.8239,0.100000
16.6038,-51.8239,0.100000
20.6289,-51.8239,0.100000
24.6541,-51.8239,0.100000
28.6792,-51.8239,0.100000
32.7044,-51.8239,0.100000
36.7296,-51.8239,11.200000
40.7547,-51.8239,0.100000
44.7799,-51.8239,66.700000
48.8050,-51.8239,55.610843
52.8302,-51.8239,87.070572
56.8553,-51.8239,100.000000
60.8805,-51.8239,100.000000
64.9057,-51.8239,100.000000
68.9308,-51.8239,100.000000
72.9560,-51.8239,100.000000
-67.9245,-55.8491,100.000000
-63.8994,-55.8491,100.000000
-59.8742,-55.8491,100.000000
-55.8491,-55.8491,100.000000
-51.8239,-55.8491,100.000000
-47.7987,-55.8491,88.638578
-43.7736,-55.8491,20.370784
-39.7484,-55.1491,100.000000
-39.7484,-55.8491,0.100000
-35.7233,-55.8491,0.100000
-31.6981,-55.8491,0.100000
-27.6730,-55.8491,0.100000
-23.6478,-55.8491,0.100000
-19.6226,-55.8491,0.100000
-15.5975,-55.8491,0.100000
-11.5723,-55.8491,0.100000
-7.5472,-55.8491,0.100000
-3.5220,-55.8491,0.100000
0.5031,-55.8491,0.100000
4.5283,-55.8491,0.100000
8.5535,-55.8491,0.100000
12.5786,-55.8491,0.100000
16.6038,-55.8491,0.100000
20.6289,-55.8491,0.100000
24.6541,-55.8491,0.100000
28.6792,-55.8491,0.100000
32.7044,-55.8491,0.100000
36.7296,-55.8491,55.600000
40.7547,-55.8491,88.900000
44.7799,-55.8491,42.576591
48.8050,-55.8491,95.003266
52.8302,-55.8491,100.000000
56.8553,-55.8491,100.000000
60.8805,-55.8491,100.000000
64.9057,-55.8491,100.000000
68.9308,-55.8491,100.000000
-63.8994,-59.8742,100.000000
-59.8742,-59.8742,100.000000
-55.8491,-59.8742,100.000000
-51.8239,-59.8742,100.000000
-47.7987,-59.8742,100.000000
-43.7736,-59.8742,95.034164
-39.7484,-59.8742,41.352988
-35.7233,-59.8742,4.574017
-31.6981,-59.8742,77.800000
-27.6730,-59.8742,22.300000
-23.6478,-59.8742,0.100000
-19.6226,-59.8742,33.400000
-15.5975,-59.8742,0.100000
-11.5723,-59.8742,0.100000
-7.5472,-59.8742,11.200000
-3.5220,-59.8742,22.300000
0.5031,-59.8742,0.100000
4.5283,-59.8742,11.200000
8.5535,-59.8742,44.500000
12.5786,-59.8742,0.100000
16.6038,-59.8742,0.100000
20.6289,-59.8742,55.600000
24.6541,-59.1742,100.000000
24.6541,-59.8742,0.100000
28.6792,-59.8742,0.100000
32.7044,-59.8742,44.500000
36.7296,-59.8742,54.118113
40.7547,-59.8742,51.316086
44.7799,-59.8742,100.000000
48.8050,-59.8742,100.000000
52.8302,-59.8742,100.000000
56.8553,-59.8742,100.000000
60.8805,-59.8742,100.000000
64.9057,-59.8742,100.000000
-59.8742,-63.8994,100.000000
-55.8491,-63.8994,100.000000
-51.8239,-63.8994,100.000000
-47.7987,-63.8994,100.000000
-43.7736,-63.8994,100.000000
-39.7484,-63.8994,100.000000
-35.7233,-63.8994,82.244194
-31.6981,-63.8994,60.496427
-27.6730,-63.8994,3.937466
-23.6478,-63.8994,66.700000
-19.6226,-63.8994,100.000000
-15.5975,-63.8994,88.900000
-11.5723,-63.8994,77.800000
-7.5472,-63.8994,100.000000
-3.5220,-63.8994,100.000000
0.5031,-63.8994,66.700000
4.5283,-63.8994,100.000000
8.5535,-63.8994,100.000000
12.5786,-63.8994,66.700000
16.6038,-63.8994,100.000000
20.6289,-63.8994,100.000000
24.6541,-63.8994,77.800000
28.6792,-63.8994,63.033702
32.7044,-63.8994,50.085948
36.7296,-63.8994,89.262130
40.7547,-63.8994,100.000000
44.7799,-63.8994,100.000000
48.8050,-63.8994,100.000000
52.8302,-63.8994,100.000000
56.8553,-63.8994,100.000000
60.8805,-63.8994,100.000000
-55.8491,-67.9245,100.000000
-51.8239,-67.9245,100.000000
-47.7987,-67.9245,100.000000
-43.7736,-67.9245,100.000000
-39.7484,-67.9245,100.000000
-35.7233,-67.9245,100.000000
-31.6981,-67.9245,95.608795
-27.6730,-67.9245,88.727940
-23.6478,-67.2245,100.000000
-23.6478,-67.9245,81.393131
-19.6226,-67.9245,22.777727
-15.5975,-67.9245,15.715557
-11.5723,-67.9245,44.653409
-7.5472,-67.9245,44.500000
-3.5220,-67.9245,33.400000
0.5031,-67.9245,33.400000
4.5283,-67.9245,22.300000
8.5535,-67.9245,33.400000
12.5786,-67.9245,45.069927
16.6038,-67.9245,61.639602
20.6289,-67.9245,31.564115
24.6541,-67.9245,57.269542
28.6792,-67.9245,94.259935
32.7044,-67.9245,99.903949
36.7296,-67.9245,100.000000
40.7547,-67.9245,100.000000
44.7799,-67.9245,100.000000
48.8050,-67.9245,100.000000
52.8302,-67.9245,100.000000
56.8553,-67.9245,100.000000
-51.8239,-71.9497,100.000000
-47.7987,-71.9497,100.000000
-43.7736,-71.9497,100.000000
-39.7484,-71.9497,100.000000
-35.7233,-71.9497,100.000000
-31.6981,-71.9497,100.000000
-27.6730,-71.9497,100.000000
-23.6478,-71.9497,98.334365
-19.6226,-71.9497,91.639738
-15.5975,-71.9497,91.760555
-11.5723,-71.9497,95.339056
-7.5472,-71.9497,75.680277
-3.5220,-71.9497,73.596486
0.5031,-71.9497,59.522240
4.5283,-71.9497,67.395597
8.5535,-71.9497,76.435759
12.5786,-71.9497,80.382535
16.6038,-71.9497,99.122352
20.6289,-71.9497,98.725926
24.6541,-71.9497,99.513611
28.6792,-71.9497,100.000000
32.7044,-71.9497,100.000000
36.7296,-71.9497,100.000000
40.7547,-71.9497,100.000000
44.7799,-71.9497,100.000000
48.8050,-71.9497,100.000000
52.8302,-71.9497,100.000000
-47.7987,-75.9748,100.000000
-43.7736,-75.9748,100.000000
-39.7484,-75.2748,100.000000
-39.7484,-75.9748,100.000000
-35.7233,-75.9748,100.000000
-31.6981,-75.9748,100.000000
-27.6730,-75.9748,100.000000
-23.6478,-75.9748,100.000000
-19.6226,-75.9748,100.000000
-15.5975,-75.9748,100.000000
-11.5723,-75.9748,100.000000
-7.5472,-75.9748,100.000000
-3.5220,-75.9748,100.000000
0.5031,-75.9748,99.867874
4.5283,-75.9748,100.000000
8.5535,-75.9748,100.000000
12.5786,-75.9748,100.000000
16.6038,-75.9748,100.000000
20.6289,-75.9748,100.000000
24.6541,-75.9748,100.000000
28.6792,-75.9748,100.000000
32.7044,-75.9748,100.000000
36.7296,-75.9748,100.000000
40.7547,-75.9748,100.000000
44.7799,-75.9748,100.000000
-39.7484,-80.0000,100.000000
-35.7233,-80.0000,100.000000
-31.6981,-80.0000,100.000000
-27.6730,-80.0000,100.000000
-23.6478,-80.0000,100.000000
-19.6226,-80.0000,100.000000
-15.5975,-80.0000,100.000000
-11.5723,-80.0000,100.000000
-7.5472,-80.0000,100.000000
-3.5220,-80.0000,100.000000
0.5031,-80.0000,100.000000
4.5283,-80.0000,100.000000
8.5535,-80.0000,100.000000
12.5786,-80.0000,100.000000
16.6038,-80.0000,100.000000
20.6289,-80.0000,100.000000
24.6541,-80.0000,100.000000
28.6792,-80.0000,100.000000
32.7044,-80.0000,100.000000
36.7296,-80.0000,100.000000
40.7547,-80.0000,100.000000
